"metric","FW_dem_range","FW_hydro_wavg_03","FW_hydro_wavg_05","FW_hydro_wavg_17","WC_alt","catchment_area_km","wildness"
"count",43,83,22,8,56,81,9
"average_correlation",0.297578404607544,0.302759891987223,0.274218966325309,0.247122833635535,0.423132284309077,0.295827248125176,0.291957269454785
